date,solar_hrs_demand_mw,non_solar_hrs_demand_mw,wind_contribution_mw,wind_contribution_pct,solar_contribution_mw,solar_contribution_pct,vre_total_mw,vre_total_pct,max_wind_gen_mw,max_solar_gen_mw,max_vre_gen_mw,max_wind_penetration_pct,max_solar_penetration_pct,max_vre_penetration_pct,wind_curtail_mw,wind_curtail_mu,solar_curtail_mw,solar_curtail_mu,total_curtail_mu,tras_wind_mw,tras_wind_mu,tras_solar_mw,tras_solar_mu,curtail_reasons
2026-04-01,214947,215832,6042,2.81,48461,22.55,54503,25.36,9990,76976,79002,4.85,36.93,38.37,30,0.04,2251,5.95,5.99,247,0.3,5065,6.51,र र्स्थ न / Rajasthan: DUE TO HEAVY UNDER DRAWL AND HIGH FREQUENCY AND DUE TO O/L O | गुर्र त / Gujarat: To control UD
2026-04-02,219083,214366,2979,1.36,65920,30.09,68899,31.45,10777,77042,83290,5.23,36.77,39.69,633,0.74,2304,5.54,6.28,546,0.62,6000,8.08,र र्स्थ न / Rajasthan: Due to overloading of ICts at Bhadla and Bikaner | गुर्र त / Gujarat: In view of the system requirement and grid security and stab
2026-04-03,214794,213552,10845,5.05,51875,24.15,62720,29.2,11268,70835,76463,5.49,34.03,37.66,0,0.0,0,0.0,0.0,105,0.02,1362,1.07,No curtailment
2026-04-04,214380,215007,6619,3.09,55282,25.79,61900,28.87,11173,75066,77578,5.52,36.37,37.57,0,0.0,215,0.86,0.86,216,0.4,4143,8.89,र र्स्थ न / Rajasthan: Due to overloading of ICts at Bhadla and Bikaner
2026-04-05,196849,200631,4961,2.52,63698,32.36,68659,34.88,14920,64415,68920,7.88,33.56,35.89,215,0.44,3634,9.22,9.66,1199,4.41,22212,80.55,"र र्स्थ न / Rajasthan: Due to high frequency and heavy underdrawal | गुर्र त / Gujarat: In view of the system requirement , WRLDC Guj U/D : -572 MW, | मह र ष्ट्र / Maharashtra: To control heavy underdrawal (1511MW) at high frequency."
2026-04-06,207792,214739,7403,3.56,68571,33.0,75974,36.56,18243,74150,80557,8.56,36.28,39.39,160,1.55,2645,10.01,11.56,1542,4.35,13467,40.73,र र्स्थ न / Rajasthan: Due to O/L at 400 KV Bikaner & 400 KV Bhadla and high freque | गुर्र त / Gujarat: In view of the system requirement and grid security and stab
2026-04-07,209503,206526,13858,6.61,54970,26.24,68828,32.85,18027,67487,79327,9.84,33.0,38.86,613,4.93,3380,12.13,17.06,2647,6.54,13858,33.44,र र्स्थ न / Rajasthan: DUE TO O/L ON ICT'S AT 400 KV BIKANER & 400 KV BHADLA AND HI | गुर्र त / Gujarat: 46118
2026-04-08,203337,211979,7965,3.92,68195,33.54,76160,37.46,14996,69022,76702,8.17,34.39,37.8,1418,2.96,5615,14.73,17.69,1346,4.09,15363,48.49,र र्स्थ न / Rajasthan: DUE TO O/L ON ICT'S AT 400 KV BIKANER & 400 KV BHADLA OUTAGE | गुर्र त / Gujarat: To control high underdrawl
2026-04-09,207738,215922,2214,1.07,69594,33.5,71809,34.57,9368,76006,78013,4.76,37.12,38.07,40,0.11,4891,11.65,11.76,513,1.57,12308,38.11,र र्स्थ न / Rajasthan: Due to O/L at 220 KV Bikaner - Gajner I & II and O/L of ICT' | गर्ुर त / Gujarat: To control high underdrawl
2026-04-10,209217,218700,4196,2.01,67910,32.46,72106,34.46,10321,75444,79442,5.59,36.6,38.54,160,1.74,2996,14.05,15.79,835,2.54,14827,51.99,र र्स्थ न / Rajasthan: Due to High Frequency and heavy underdrwal | गुर्र त / Gujarat: 46123
2026-04-11,212218,220346,6574,3.1,57764,27.22,64338,30.32,9238,75876,78202,4.76,36.73,37.86,115,0.21,3910,8.6,8.81,835,1.97,12351,34.35,र र्स्थ न / Rajasthan: Due to High Frequency and heavy underdrwal
2026-04-12,206693,213489,2902,1.4,69337,33.55,72239,34.95,9463,74159,76690,4.76,36.69,37.68,79,0.23,3750,14.81,15.04,759,8.99,14871,47.08,र र्स्थ न / Rajasthan: Due to high frequency and heavy underdrawal
2026-04-13,221913,227112,2676,1.21,73800,33.26,76475,34.46,11316,82289,85258,5.15,38.71,40.11,30,0.05,1950,5.72,5.77,574,0.77,7295,10.68,र र्स्थ न / Rajasthan: Due to High frequency and Heavy Underdrawl
2026-04-14,223048,227542,4259,1.91,71108,31.88,75367,33.79,11805,80777,85110,5.37,36.56,38.53,638,1.37,2368,6.33,7.7,717,1.49,8515,18.01,र र्स्थ न / Rajasthan: Due to O/L at 220 KV Bikaner - Gajner I & II and O/L of ICT' | गुर्र त / Gujarat: 1) In view of the system requirement and grid security and s
2026-04-15,228400,230473,7029,3.08,61332,26.85,68360,29.93,11795,81995,84514,5.54,37.31,38.53,301,0.49,3318,7.53,8.02,501,0.65,8536,11.99,र र्स्थ न / Rajasthan: Due to O/L at 220 KV Bikaner - Gajner I & II and O/L of ICT' | गुर्र त / Gujarat: To Control Under drawl
2026-04-16,234811,232341,7285,3.1,55616,23.69,62900,26.79,10282,82124,85351,4.76,36.89,38.39,0,0.0,2257,4.42,4.42,224,0.07,2439,0.88,र र्स्थ न / Rajasthan: Due to O/L at 220 KV Bikaner - Gajner I & II and O/L of ICT' | गुर्र त / Gujarat: To Control Under drawl
2026-04-17,238945,231259,7157,3.0,58066,24.3,65224,27.3,10619,79760,83856,4.76,34.7,37.05,643,1.5,3100,8.38,9.88,0,0.0,0,0.0,र र्स्थ न / Rajasthan: Due to overloading of ICts at Bhadla and Over loading of 220 | गुर्र त / Gujarat: To Control Under drawl
2026-04-18,238805,232797,5305,2.22,61446,25.73,66751,27.95,10421,80636,82564,4.76,35.63,36.49,0,0.0,2631,3.95,3.95,0,0.0,82,0.01,र र्स्थ न / Rajasthan: Due to overloading of ICts at Bhadla and Bikaner | गुर्र त / Gujarat: In view of the system requirement and grid security and stab
2026-04-19,220964,225693,6876,3.11,61821,27.98,68697,31.09,13325,78508,80440,6.1,36.6,37.67,847,1.13,2667,6.47,7.6,373,0.54,2693,4.66,गुर्र त / Gujarat: To control Underdrawl
2026-04-20,237433,234308,5110,2.15,61007,25.69,66117,27.85,0,0,0,0.0,0.0,0.0,100,0.1,2227,4.3,4.4,8,0.0,366,0.17,गुर्र त / Gujarat: To control Underdrawl
2026-04-21,233457,236736,7339,3.14,55801,23.9,63140,27.05,14255,80545,84292,6.14,36.29,37.97,257,1.62,2481,8.31,9.93,246,0.1,3671,1.84,"र र्स्थ न / Rajasthan: Due to O/L at 220 KV Bikaner - Gajner I & II and O/L of ICT' | गर्ुर त / Gujarat: Guj U/D : -1289 MW, system average freq 50.05 Hz, All ISGS &"
2026-04-22,238464,239702,8650,3.63,61506,25.79,70156,29.42,13787,81134,86439,6.01,35.97,38.33,511,0.9,2971,11.82,12.72,530,0.61,5242,6.36,भ दल / Bhadla: Due to 1500MVA ICT3 under forced shutdown | गर्ुर त / Gujarat: 1) In view of the system requirement and grid security and s
2026-04-23,240120,237120,8995,3.75,58651,24.43,67646,28.17,10669,81729,84639,4.76,36.12,37.75,112,0.24,1964,5.95,6.19,260,0.19,3305,2.63,"र र्स्थ न / Rajasthan: Due to O/L at 220 KV Bikaner - Gajner I & II and O/L of ICT' | गर्ुर त / Gujarat: Guj U/D : -1289 MW, system average freq 50.05 Hz, All ISGS &"
2026-04-24,252075,240478,7737,3.07,56890,22.57,64627,25.64,10515,81541,85380,4.76,34.51,36.13,397,0.5,1931,3.14,3.64,0,0.0,0,0.0,"र र्स्थ न / Rajasthan: Due to overloading of ICts at Bhadla and Bikaner | गर्ुर त / Gujarat: Guj U/D : -1289 MW, system average freq 50.05 Hz, All ISGS &"
2026-04-25,256117,241163,4897,1.91,56204,21.94,61101,23.86,9564,80917,83336,4.76,33.81,34.83,0,0.0,170,0.42,0.42,0,0.0,0,0.0,र र्स्थ न / Rajasthan: Due to overloading of ICts at Bhadla and Bikaner
2026-04-26,235349,237218,7149,3.04,58974,25.06,66123,28.1,11927,80886,84611,5.12,35.8,37.29,372,1.53,3097,6.77,8.3,21,0.01,510,0.14,र र्स्थ न / Rajasthan: Due to overloading of ICts at Bhadla and Bikaner | गर्ुर त / Gujarat: In view of system requirement and Gujarat hudge under drawl 
2026-04-27,255859,238207,11626,4.54,59208,23.14,70834,27.68,15192,80166,90189,6.62,33.19,37.29,1037,1.44,2800,7.27,8.71,0,0.0,0,0.0,र र्स्थ न / Rajasthan: due to O/L at 400 KV Kankani - Merta line & 220 KV Bikaner - | गर्ुर त / Gujarat: To control UD in view of system requirement
2026-04-28,253477,244025,12578,4.96,57500,22.68,70078,27.65,16460,79033,88515,6.84,33.64,37.36,1366,1.92,2189,6.36,8.28,0,0.0,0,0.0,र र्स्थ न / Rajasthan: DUE TO O/L ON ICT'S AT400 KV BHADLA | गर्ुर त / Gujarat: To control UD in view of system requirement
2026-04-29,241339,238209,12437,5.15,58418,24.21,70855,29.36,15487,78543,87801,6.8,34.0,37.96,940,1.75,3552,8.72,10.47,102,0.06,802,0.54,र र्स्थ न / Rajasthan: Due to O/L at 220 KV Bikaner - Gajner I & II and O/L of ICT' | भ दल 2 / Bhadla2: Due to forced outage of 500MVA ICT-8 at Bhadla2(PG) | गुर्र त / Gujarat: To control UD in view of system requirement
2026-04-30,233942,219227,14979,6.4,58646,25.07,73624,31.47,19332,75946,86190,9.25,34.11,38.4,932,1.24,3002,7.42,8.66,1062,2.36,6582,15.78,र र्स्थ न / Rajasthan: Due to O/L at 220 KV Bikaner - Gajner I & II and O/L of ICT' | गर्ुर त / Gujarat: To control UD in view of system requirement
2026-05-01,210130,219184,14982,7.13,61421,29.23,76402,36.36,19499,65708,79067,9.85,31.48,37.88,1670,3.4,5798,18.57,21.97,3792,16.94,21549,102.89,र र्स्थ न / Rajasthan: Due to High Frequency and heavy underdrwal | गर्ुर त / Gujarat: To control UD in view of system requirement | मह र ष्ट्ट्र / Maharashtra: To control UD in view of system requirement
2026-05-02,228958,220756,16402,7.16,59479,25.98,75881,33.14,19648,76373,87606,9.51,35.22,40.22,1277,2.06,2734,6.94,9.0,1127,2.95,7207,19.14,र र्स्थ न / Rajasthan: due to overloading of ICT at 400 KV Bhadla and 220 KV Bikane | गर्ुर त / Gujarat: To control UD in view of system requirement
2026-05-03,209493,216101,15288,7.3,58407,27.88,73695,35.18,20212,64071,78100,9.67,31.24,37.86,2010,5.86,4079,16.62,22.48,3339,16.29,21171,105.04,र र्स्थ न / Rajasthan: Due to high frequency and heavy underdrawal | भ दल 2 / Bhadla2: Due to forced outage of 500MVA ICT-8 at Bhadla2(PG) | गर्ुर त / Gujarat: To control UD in view of system requirement
2026-05-04,221648,0,0,0.0,0,0.0,0,28.11,18856,75288,83242,9.23,36.09,39.68,25,0.06,1592,4.44,4.5,1179,3.59,10971,34.97,"/ Rajasthan
र र्स्थ न: Due to high frequency and heavy underdrawal and O/L at 400 K"
2026-05-05,221576,215423,6518,2.94,57674,26.03,64192,28.97,12660,78192,82082,6.07,37.24,39.09,0,0.0,158,0.66,0.66,1364,4.66,4016,11.18,र र्स्थ न / Rajasthan: Due to O/L at 220 KV Bikaner - Gajner I & II and O/L of ICT'
2026-05-06,222744,221575,6797,3.05,56509,25.37,63306,28.42,10692,78130,82234,5.22,37.28,39.12,0,0.0,0,0.0,0.0,1033,4.05,3186,10.79,No curtailment
2026-05-07,217814,218120,9254,4.25,59738,27.43,68992,31.67,13156,76583,81482,6.1,36.05,38.32,502,1.06,2312,4.33,5.39,527,1.13,5847,14.21,र र्स्थ न / Rajasthan: Due to O/L at 220 KV Bikaner - Gajner I & II and O/L of ICT' | गर्ुर त / Gujarat: RE Curtailment 20 % Solar generation and 20% Wind Generation
2026-05-08,223878,221314,8850,3.95,57199,25.55,66049,29.5,12930,79032,82498,5.89,36.73,38.34,178,0.15,1000,1.53,1.68,609,1.13,6306,14.37,र र्स्थ न / Rajasthan: Due to overloading of ICts at Bhadla and 220 Bikaner-Gajner  | गर्ुर त / Gujarat: 1. In view of the system requirement and grid security and s
2026-05-09,226682,223016,8705,3.84,58385,25.76,67090,29.6,11164,78161,83029,5.26,35.98,38.15,106,0.18,1005,2.26,2.44,534,0.76,6065,14.29,र र्स्थ न / Rajasthan: Due to over loading of ICT at Bhadla and Bikaner | गर्ुर त / Gujarat: To control Underdrawl
2026-05-10,212671,224820,8047,3.78,60276,28.34,68323,32.13,12268,69829,76890,5.55,33.76,36.9,1022,1.94,3635,6.52,8.46,1016,3.43,11152,42.75,"र र्स्थ न / Rajasthan: 155 MW Due to over loading of 220 Gajner Bikaner ckt, 1583 M | गर्ुर त / Gujarat: To control Underdrawl"
2026-05-11,241522,234304,7660,3.17,57166,23.67,64826,26.84,12050,81572,87312,5.61,35.62,38.09,235,0.95,940,3.7,4.65,120,0.22,6855,25.26,र र्स्थ न / Rajasthan: Due to O/L at 220 KV Bikaner - Gajner I & II and O/L of ICT'
2026-05-12,247881,238289,8067,3.25,56209,22.68,64277,25.93,11497,81220,85930,5.06,34.96,36.94,147,0.41,1424,2.62,3.03,0,0.0,0,0.0,र र्स्थ न / Rajasthan: Due to O/L at 220 KV Bikaner - Gajner I & II and O/L of ICT' | बीक नरे / Bikaner: Due to outage(tripping) of 765kV Aligarh-Sikar2 ckt 2(This F | फतहेगढ़ 2 / Fatehgarh 2: Due to outage(tripping) of 765kV Aligarh-Sikar2 ckt 2(This F | फतहेगढ़ 1 / Fatehgarh1: Due to outage(tripping) of 765kV Aligarh-Sikar2 ckt 2(This F | भ दल 2 / Bhadla2: Due to outage(tripping) of 765kV Aligarh-Sikar2 ckt 2 | फतहेगढ़ 3 / Fatehgarh 3: Due to outage(tripping) of 765kV Aligarh-Sikar2 ckt 2 | बीक नरे 2 / Bikaner 2: Due to outage(tripping) of 765kV Aligarh-Sikar2 ckt 2
2026-05-13,247680,232877,12036,4.86,43294,17.48,55330,22.34,15572,79178,87769,6.93,33.56,37.2,989,2.39,2278,5.92,8.31,0,0.0,0,0.0,र र्स्थ न / Rajasthan: Due to O/L at 220 KV Bikaner - Gajner I & II and O/L of ICT' | गर्ुर त / Gujarat: DUE TO HEAVY UD IN GUJARAT SYSTEM
2026-05-14,250296,238353,11701,4.67,52650,21.04,64351,25.71,16910,74143,84793,7.26,32.1,36.8,976,2.35,2300,5.42,7.77,58,0.01,403,0.09,र र्स्थ न / Rajasthan: Due to O/L at 220 KV Bikaner - Gajner I & II line | गर्ुर त / Gujarat: To control underdrawl
2026-05-15,247403,239934,11026,4.46,55996,22.63,67023,27.09,14314,75264,86618,6.92,32.29,37.16,976,2.35,2400,5.81,8.16,58,0.01,129,0.03,र र्स्थ न / Rajasthan: Due to overloading of ICts at Bhadla and 220 KV Bikaner-Gajn | गर्ुर त / Gujarat: To control underdrawl
2026-05-16,248681,240653,7742,3.11,56606,22.76,64348,25.88,11673,80426,85918,5.21,34.48,36.83,0,0.0,173,0.51,0.51,0,0.0,0,0.0,र र्स्थ न / Rajasthan: Due to overloading of ICts at Bhadla and Over loading of 220
2026-05-17,232501,238406,10215,4.39,54972,23.64,65187,28.04,13414,78611,83564,5.84,35.13,37.35,600,0.8,2078,3.34,4.14,225,0.3,2829,4.85,र र्स्थ न / Rajasthan: Due to O/L at 220 KV Bikaner - Gajner I & II and O/L of ICT' | गर्ुर त / Gujarat: In view of system requirement and for grid securtiy and reli
2026-05-18,257370,247211,13510,5.25,57703,22.42,71213,27.67,15605,78087,85445,6.65,32.27,35.17,497,0.66,2175,3.9,4.56,0,0.0,0,0.0,र र्स्थ न / Rajasthan: Due to O/L at 220 KV Bikaner - Gajner I & II and 400 KV Kank | गर्ुर त / Gujarat: To control Underdrawl
2026-05-19,260457,251544,17570,6.75,57713,22.16,75284,28.9,20298,77212,91503,8.53,31.55,37.18,655,1.06,2924,4.57,5.63,126,0.03,789,0.2,र र्स्थ न / Rajasthan: Due to O/L at 220 KV Bikaner - Gajner I & II and 400 KV Kank | गर्ुर त / Gujarat: In view of system requirement and for grid securtiy and reli
2026-05-20,265440,251930,17368,6.54,57686,21.73,75054,28.28,20638,79255,95886,8.69,32.14,38.96,771,1.25,2096,3.06,4.31,133,0.09,624,0.36,गर्ुर त / Gujarat: In view of system requirement and for grid securtiy and reli
2026-05-21,270820,251964,13682,5.05,60039,22.17,73721,27.22,21394,80321,89964,8.52,32.05,35.91,0,0.0,3082,10.24,10.24,0,0.0,0,0.0,र र्स्थ न / Rajasthan: Due to O/L at 220 KV Bikaner - Gajner I & II and O/L of ICT' | भ दल / Bhadla: Due to forced outage of 765kV Moga Meerut | बीक नरे / Bikaner: Due to forced outage of 765kV Moga Meerut | फतहेगढ़ 2 / Fatehgarh 2: Due to forced outage of 765kV Moga Meerut | फतहेगढ़ 1 / Fatehgarh1: Due to forced outage of 765kV Moga Meerut | भ दल 2 / Bhadla2: Due to forced outage of 765kV Moga Meerut | फतहेगढ़ 3 / Fatehgarh 3: Due to forced outage of 765kV Moga Meerut | बीक नरे 2 / Bikaner 2: Due to forced outage of 765kV Moga Meerut and 400/220 KV 500 | गर्ुर त / Gujarat: To Control the heavy under drawl
2026-05-22,267680,253294,14819,5.54,59671,22.29,74490,27.83,22787,77604,88809,9.12,30.9,35.58,0,0.0,945,0.98,0.98,0,0.0,0,0.0,गर्ुर त / Gujarat: To control UD
2026-05-23,259812,248605,14052,5.41,58538,22.53,72591,27.94,22182,77224,91063,9.18,31.35,37.0,130,0.39,490,1.47,1.86,0,0.0,0,0.0,"र र्स्थ न / Rajasthan: Due to overloading of Kankani merta, Due to O/L at 220 KV Bi"
2026-05-24,243726,247975,21005,8.62,54004,22.16,75009,30.78,25520,70389,89110,11.58,30.93,38.98,1552,6.32,2101,9.83,16.15,2057,7.48,8271,32.69,र र्स्थ न / Rajasthan: Due to high frequency and heavy underdrawal | गर्ुर त / Gujarat: To control UD
2026-05-25,268096,248516,17173,6.41,59732,22.28,76906,28.69,21678,78227,93915,9.19,30.98,37.69,771,1.25,2221,3.5,4.75,90,0.06,544,0.31,र र्स्थ न / Rajasthan: due to O/L at 400 KV ICTs at 400 KV Bhadla | गुर्र त / Gujarat: In view of system requirement and for grid securtiy and reli
2026-05-27,258509,247673,20802,8.05,55896,21.62,76698,29.67,25520,70389,89110,11.03,28.86,36.52,1157,1.6,2847,4.43,6.03,0,0.0,0,0.0,र र्स्थ न / Rajasthan: DUE TO 400 KV KAKANI - MERTA LINE AND ICT'S OF 400 KV BHADLA | गुर्र त / Gujarat: To control UD
2026-05-28,261479,242910,18843,7.21,59921,22.92,78765,30.12,24760,79694,96021,10.91,32.93,39.72,820,0.9,2736,3.2,4.1,747,0.48,1443,0.93,गर्ुर त / Gujarat: To control UD
2026-05-29,242988,228895,19484,8.02,56113,23.09,75597,31.11,27122,71373,89312,12.65,31.77,39.47,2877,5.97,3805,8.12,14.09,2463,8.51,11781,40.16,र र्स्थ न / Rajasthan: Due to High Frequency and heavy underdrwal | गर्ुर त / Gujarat: To control UD
2026-05-30,225629,221943,17309,7.67,54270,24.05,71579,31.72,26964,63981,80419,12.5,29.81,37.16,1104,3.2,2829,7.81,11.01,3043,12.72,14811,62.68,र र्स्थ न / Rajasthan: Due to High Frequency and heavy underdrwal | गर्ुर त / Gujarat: To control UD
2026-05-31,215476,223711,13026,6.05,54081,25.1,67107,31.14,22987,63835,75514,10.88,30.72,36.37,1257,3.34,3761,10.78,14.12,2152,7.02,15714,48.83,र र्स्थ न / Rajasthan: Due to high frequency and heavy underdrawal | गर्ुर त / Gujarat: To control UD | मह र ष्ट्ट्र / Maharashtra: To control UD
2026-06-03,247898,245756,13483,5.44,61902,24.97,75385,30.41,16960,78385,90455,7.55,33.57,38.72,262,0.46,1746,3.74,4.2,70,0.02,564,0.13,गर्ुर त / Gujarat: In view of the system requirement and grid security and stab
2026-06-04,247658,238696,19912,8.04,64859,26.19,84771,34.23,24755,76414,93638,11.09,32.27,39.58,1238,4.51,2822,8.64,13.15,412,0.33,2000,5.24,र र्स्थ न / Rajasthan: due to O/L of 400 KV Kankani - Merta line | गर्ुर त / Gujarat: In view of the system requirement and grid security and stab
2026-06-10,259435,252127,24621,9.49,59202,22.82,83823,32.31,28370,72874,96642,12.14,29.96,40.15,2328,3.03,4572,7.6,10.63,1759,3.51,3678,6.11,र र्स्थ न / Rajasthan: Due to Overloading of 400 kV Kankni Merta Line | गर्ुर त / Gujarat: To control UD
2026-06-11,252061,243928,17354,6.88,55203,21.9,72556,28.79,28136,75436,96201,11.61,31.83,40.59,1207,1.35,1794,2.37,3.72,1297,2.36,4419,7.75,गर्ुर त / Gujarat: To control UD
2026-06-12,244158,235113,21215,8.69,58437,23.93,79652,32.62,25366,69892,89912,12.18,30.58,39.2,1015,1.9,2108,4.79,6.69,2020,6.89,8780,29.96,गर्ुर त / Gujarat: To control UD
2026-06-13,234285,236259,23158,9.88,55154,23.54,78313,33.43,25990,65771,87491,11.77,28.97,38.5,0,0.0,0,0.0,0.0,3114,9.4,5630,16.53,No curtailment
2026-06-14,218954,231115,22548,10.3,54698,24.98,77247,35.28,26669,59003,79799,13.35,27.23,36.79,1071,3.61,3209,10.24,13.85,4233,18.35,15356,67.94,र र्स्थ न / Rajasthan: Due to O/L at 220 KV Bikaner - Gajner I & II and high freque | गर्ुर त / Gujarat: To control UD
2026-06-15,237399,246303,21403,9.02,64028,26.97,85431,35.99,23298,67181,88118,10.53,29.24,38.71,857,2.4,1763,4.58,6.98,2037,7.89,8270,41.83,र र्स्थ न / Rajasthan: Due to high frequency and heavy underdrawal | गर्ुर त / Gujarat: To control UD
2026-06-16,249706,247568,17177,6.88,50907,20.39,68084,27.27,21322,75877,91485,9.01,32.27,38.9,0,0.0,0,0.0,0.0,241,0.21,1030,0.97,No curtailment
2026-06-17,255997,250399,19654,7.68,63194,24.69,82848,32.36,24064,74867,91707,10.29,30.99,38.04,0,0.0,72,0.24,0.24,0,0.0,0,0.0,र र्स्थ न / Rajasthan: Due to O/L at 220 KV Bikaner - Gajner I & II Line
2026-06-18,257954,244151,16846,6.53,62054,24.06,78900,30.59,19821,76422,90683,8.5,30.97,36.75,0,0.0,32,0.12,0.12,0,0.0,0,0.0,र र्स्थ न / Rajasthan: Due to O/L at 220 KV Bikaner - Gajner I & II line
2026-06-20,260487,248072,12168,4.67,61681,23.68,73848,28.35,18309,75679,85780,7.62,30.97,35.05,330,0.93,550,1.58,2.51,0,0.0,0,0.0,र र्स्थ न / Rajasthan: For compliance of N-1 and as per direction of NRLDC
2026-06-22,250554,247256,20168,8.05,60165,24.01,80333,32.06,24334,74748,90033,10.49,30.48,36.84,405,0.34,1050,2.47,2.81,39,0.02,248,0.08,"र र्स्थ न / Rajasthan: DUE TO O/L 400 KV KANKANI - MERTA , 400 KV MERTA - HEERAPURA"
2026-06-23,245178,247180,23803,9.71,62394,25.45,86197,35.16,27837,72629,93724,12.05,30.42,39.27,6,0.0,841,1.03,1.03,701,1.39,1783,3.94,र र्स्थ न / Rajasthan: DUE TO O/L AT 220 KV BIKANER - GAJNER LINE 1 & 2 AND ICTs OF | भ दल / Bhadla: Due to tripping of 765kV Bikaner-Moga ckt2 | बीक नरे / Bikaner: Due to tripping of 765kV Bikaner-Moga ckt2 | फतहेगढ़ 2 / Fatehgarh 2: Due to tripping of 765kV Bikaner-Moga ckt2 | फतहेगढ़ 1 / Fatehgarh1: Due to tripping of 765kV Bikaner-Moga ckt2 | भ दल 2 / Bhadla2: Due to tripping of 765kV Bikaner-Moga ckt2 | फतहेगढ़ 3 / Fatehgarh 3: Due to tripping of 765kV Bikaner-Moga ckt2 | बीक नरे 2 / Bikaner 2: Due to tripping of 765kV Bikaner-Moga ckt2 | भ दल 3 / Bhadla3: Due to tripping of 765kV Bikaner-Moga ckt2 | फतहेगढ़ 4 / FATEHGARH4: Due to tripping of 765kV Bikaner-Moga ckt2 | र मगढ़ /Ramgarh: Due to tripping of 765kV Bikaner-Moga ckt2
2026-06-24,250529,248103,26850,10.72,57725,23.04,84575,33.76,27670,70231,93458,11.81,29.23,38.9,2186,3.99,4109,9.06,13.05,894,0.62,2209,1.61,"र र्स्थ न / Rajasthan: DUE TO O/L OF 400 KV KANKANI - MERTA LINE , 400 KV MERTA - H | गर्ुर त / Gujarat: To control under drawl"
2026-06-24,250529,248103,26850,10.72,57725,23.04,84575,33.76,27670,70231,93458,11.81,29.23,38.9,2186,3.99,4109,9.06,13.05,894,0.62,2209,1.61,"र र्स्थ न / Rajasthan: DUE TO O/L OF 400 KV KANKANI - MERTA LINE , 400 KV MERTA - H | गर्ुर त / Gujarat: To control under drawl"
2026-06-25,252107,247690,25646,10.17,54849,21.76,80495,31.93,27013,71671,94831,11.34,29.6,39.15,1334,2.25,2998,6.3,8.55,327,0.19,844,0.49,"र र्स्थ न / Rajasthan: DUE TO O/L OF 400 KV KANKANI - MERTA LINE , 400 KV MERTA - H | गर्ुर त / Gujarat: To control under drawl"
2026-06-25,252107,247690,25646,10.17,54849,21.76,80495,31.93,27013,71671,94831,11.34,29.6,39.15,1334,2.25,2998,6.3,8.55,327,0.19,844,0.49,"र र्स्थ न / Rajasthan: DUE TO O/L OF 400 KV KANKANI - MERTA LINE , 400 KV MERTA - H | गर्ुर त / Gujarat: To control under drawl"
2026-06-26,255760,242857,18825,7.36,63216,24.72,82041,32.08,22791,74165,90697,9.9,29.42,36.25,0,0.0,0,0.0,0.0,0,0.0,0,0.0,No curtailment
2026-06-27,264768,247289,12983,4.9,62234,23.51,75217,28.41,20155,77338,88012,8.26,30.82,35.07,0,0.0,0,0.0,0.0,0,0.0,0,0.0,No curtailment
2026-06-28,250663,246190,21664,8.64,62248,24.83,83911,33.48,26786,74439,91182,11.95,30.75,37.6,350,0.71,1450,3.03,3.74,645,1.08,2504,4.1,र र्स्थ न / Rajasthan: due to outage of 400 KV Kakani - Jaisalmer-II & O/L of 400 A
2026-06-28,250663,246190,21664,8.64,62248,24.83,83911,33.48,26786,74439,91182,11.95,30.75,37.6,350,0.71,1450,3.03,3.74,645,1.08,2504,4.1,र र्स्थ न / Rajasthan: due to outage of 400 KV Kakani - Jaisalmer-II & O/L of 400 A
2026-06-29,259131,250242,26451,10.21,58935,22.74,85386,32.95,27229,69720,94697,11.36,28.19,38.18,250,1.31,255,1.33,2.64,598,0.79,1718,2.19,र र्स्थ न / Rajasthan: due to outage of 400 KV kankani - jaisamer-II and o/L of 400
2026-06-29,259131,250242,26451,10.21,58935,22.74,85386,32.95,27229,69720,94697,11.36,28.19,38.18,250,1.31,255,1.33,2.64,598,0.79,1718,2.19,र र्स्थ न / Rajasthan: due to outage of 400 KV kankani - jaisamer-II and o/L of 400
2026-06-30,251114,248827,28205,11.23,48529,19.33,76735,30.56,28833,64943,90997,11.96,26.8,37.36,0,0.0,279,0.63,0.63,5803,17.33,5459,16.88,र र्स्थ न / Rajasthan: Due to O/L at 220 KV Bikaner - Gajner I & II | मह र ष्ट्ट्र / Maharashtra: To control heavy underdrawl (1675MW) at high frequency.
2026-06-30,251114,248827,28205,11.23,48529,19.33,76735,30.56,28833,64943,90997,11.96,26.8,37.36,0,0.0,279,0.63,0.63,5803,17.33,5459,16.88,र र्स्थ न / Rajasthan: Due to O/L at 220 KV Bikaner - Gajner I & II | मह र ष्ट्ट्र / Maharashtra: To control heavy underdrawl (1675MW) at high frequency.
2026-07-01,241325,242579,28788,11.93,50157,20.78,78946,32.71,30631,61494,86340,13.41,26.05,36.55,1359,1.59,380,1.24,2.83,3086,8.65,6614,18.71,र र्स्थ न / Rajasthan: Due to O/L at 400 KV Merta - Heerapura & 400 KV Merta - Kank | गर्ुर त / Gujarat: To control heavy underdrawl.
2026-07-01,241325,242579,28788,11.93,50157,20.78,78946,32.71,30631,61494,86340,13.41,26.05,36.55,1359,1.59,380,1.24,2.83,3086,8.65,6614,18.71,र र्स्थ न / Rajasthan: Due to O/L at 400 KV Merta - Heerapura & 400 KV Merta - Kank | गर्ुर त / Gujarat: To control heavy underdrawl.
2026-07-02,235441,241400,26393,11.21,46583,19.79,72976,31.0,28195,61364,83649,12.48,26.73,36.42,190,0.24,1280,2.6,2.84,3299,10.18,9618,29.94,र र्स्थ न / Rajasthan: Due to high frequency and heavy underdrawal
2026-07-05,219235,225600,25765,11.75,42824,19.53,68589,31.29,28432,52771,73869,14.14,24.61,34.31,567,4.71,3296,11.97,16.68,6948,33.38,13834,51.94,र र्स्थ न / Rajasthan: DUE TO HIGH FREQUENCY AND HEAVY UNDERDRAWLFREQ AND HEAVY UND | गर्ुर त / Gujarat: To control Under drawal | मह र ष्ट्ट्र / Maharashtra: To control Under drawal
2026-07-06,225269,235025,25809,11.46,54678,24.27,80487,35.73,30954,61561,85514,14.04,27.72,38.47,1783,2.56,6540,12.44,15.0,5618,13.09,10191,23.75,र र्स्थ न / Rajasthan: Due to high frequency and heavy underdrawal | गर्ुर त / Gujarat: To control Under drawal | मह र ष्ट्ट्र / Maharashtra: To control Under drawal
2026-07-07,230115,230525,23177,10.07,32096,13.95,55273,24.02,26832,56030,78516,11.81,25.92,36.32,684,1.5,1613,2.1,3.6,2075,3.71,4547,7.22,र र्स्थ न / Rajasthan: Due to high frequency and heavy underdrawal | मह र ष्ट्ट्र / Maharashtra: To control heavy underdrawal (1565MW) at high frequency.
2026-07-08,225396,232958,28867,12.81,51669,22.92,80536,35.73,0,0,0,0.0,0.0,0.0,3132,11.35,4317,17.51,28.86,4102,14.81,10731,503.37,र र्स्थ न / Rajasthan: Due to high frequency and heavy underdrawal | भ दल 3 / BHADLA3: Due to Tripping of 765kV Bhadla_3-Ramgarh_2 ckt 1&2 and Trip | र मगढ़ / RAMGARH: Due to Tripping of 765kV Bhadla_3-Ramgarh_2 ckt 1&2 and Trip | गर्ुर त / Gujarat: To control Underdrawl
2026-07-10,230598,234789,30355,13.16,51568,22.36,81922,35.53,33542,62066,89089,15.11,27.63,39.54,4018,9.85,5477,15.41,25.26,3183,11.59,12752,44.64,र र्स्थ न / Rajasthan: DUE TO OVERLOADING OF ICT'S AT 400 KV BHADLA AND D/C 220 KV  | गर्ुर त / Gujarat: To control Underdrawl | मह र ष्ट्ट्र / Maharashtra: Due to overloading of Dhule -Sakari line GTS operated & To c
2026-07-11,234139,243298,31971,13.65,57332,24.49,89303,38.14,34735,61323,91897,15.36,26.81,39.59,4275,10.48,8116,21.38,31.86,4806,19.19,10151,39.39,र र्स्थ न / Rajasthan: DUE TO OVERLOADING OF ICT'S AT 400 KV BHADLA AND D/C 220 KV  | गर्ुर त / Gujarat: In view of the system requirement and grid security and stab | मह र ष्ट्ट्र / Maharashtra: Due To Overloading Of Dhule -Sakari Line GTS Operated and to
2026-07-12,229364,243428,32724,14.27,59010,25.73,91734,39.99,36637,59681,91924,17.13,26.31,40.22,3753,8.08,6830,15.37,23.45,6135,20.8,16306,54.94,र र्स्थ न / Rajasthan: Due to high frequency and heavy underdrawal | गर्ुर त / Gujarat: To control under drawl | मह र ष्ट्ट्र / Maharashtra: To control under drawl
2026-07-13,256966,251470,32078,12.48,59549,23.17,91627,35.66,33626,74957,103676,14.05,30.97,42.79,2333,3.22,5091,8.39,11.61,1071,1.55,3332,4.0,गर्ुर त / Gujarat: To control Underdrawl | मह र ष्ट्ट्र / Maharashtra: To control Underdrawl
2026-07-14,266068,253192,27072,10.17,58049,21.82,85121,31.99,30885,76702,102419,13.06,30.5,40.72,1728,2.99,2830,6.05,9.04,460,0.41,1628,1.59,"गर्ुर त / Gujarat: To control Underdrawl | मह र ष्ट्ट्र / Maharashtra: At 220kv Shivajinagar PSS, Due to overloading of 132kV Sakri"
2026-07-15,266291,251481,19335,7.26,63996,24.03,83332,31.29,25915,77631,100951,10.4,29.99,38.89,1027,2.11,2859,6.74,8.85,225,0.1,844,0.38,गर्ुर त / Gujarat: In view of the system requirement and grid security and stab
2026-07-17,269537,250490,29040,10.77,57950,21.5,86989,32.27,29593,73524,99819,12.09,27.48,38.05,0,0.0,0,0.0,0.0,0,0.0,0,0.0,No curtailment
2026-07-20,250759,238616,21167,8.44,56404,22.49,77571,30.93,29211,69125,93897,12.52,28.15,38.28,0,0.0,77,0.05,0.05,354,0.33,950,0.89,मह र ष्ट्ट्र / Maharashtra: GTS operated (stage-1 & stage-2) due to overloading of 132kV
2026-07-22,233019,232272,22052,9.46,56776,24.37,78828,33.83,26862,58967,81293,11.96,25.37,35.24,0,0.0,0,0.0,0.0,159,0.11,623,0.44,No curtailment
2026-07-24,229883,234062,24788,10.78,46759,20.34,71546,31.12,30589,56261,83312,13.92,24.85,36.78,4236,8.24,3456,7.12,15.36,1181,1.42,4010,4.57,र र्स्थ न / Rajasthan: To control overloading of 220kV Gajner Bikaner Ckt 1 & 2 | गर्ुर त / Gujarat: To control underdrawl | मह र ष्ट्ट्र / Maharashtra: To control heavy underdrawal (1461MW) at high frequency.
2026-07-25,237121,231774,24846,10.48,38699,16.32,63545,26.8,25136,56107,76171,11.16,24.15,32.78,0,0.0,0,0.0,0.0,0,0.0,0,0.0,No curtailment
2026-07-26,248449,242430,24316,9.79,61201,24.63,85517,34.42,27270,63532,88491,11.75,26.07,36.23,1664,3.29,2856,6.01,9.3,0,0.0,0,0.0,गुर्र त / Gujarat: To control under drawl
2026-07-27,248449,242430,24316,9.79,61201,24.63,85517,34.42,27270,63532,88491,11.75,26.07,36.23,1664,3.29,2856,6.01,9.3,0,0.0,0,0.0,गुर्र त / Gujarat: To control under drawl
2026-07-28,242313,239044,27352,11.29,63328,26.13,90680,37.42,30644,66122,93773,13.46,27.45,39.13,1928,6.16,2742,9.31,15.47,1618,3.63,4708,10.76,र र्स्थ न / Rajasthan: due to O/L of 220 KV Gajner - Bikaner Line | गुर्र त / Gujarat: To control under drawl
2026-07-29,239933,240316,26019,10.84,50922,21.22,76941,32.07,29720,62864,90111,12.96,26.51,38.04,944,1.7,2446,4.31,6.01,1144,1.07,3471,3.19,र र्स्थ न / Rajasthan: due to overloading of 220kv Bikaner-Gajner | गुर्र त / Gujarat: To control under drawl
2026-07-30,241759,238535,23485,9.71,48424,20.03,71909,29.74,25785,61408,85232,10.94,26.19,36.33,0,0.0,0,0.0,0.0,654,0.3,2462,1.14,No curtailment
2026-07-31,239378,240409,24342,10.17,54261,22.67,78603,32.84,29662,65213,89345,12.57,27.44,37.76,0,0.0,0,0.0,0.0,194,0.05,814,0.21,No curtailment
2026-08-01,239698,238727,30113,12.56,51535,21.5,81648,34.06,31524,61112,90381,13.66,25.66,37.97,1828,3.34,2712,11.78,15.12,836,0.74,1583,1.36,गुर्र त / Gujarat: To control Under Drawl | मह र ष्ट्र / Maharashtra: To control heavy underdrawal (1230MW) at high frequency.
2026-08-02,229411,236826,24496,10.68,47632,20.76,72128,31.44,26091,57500,81294,11.91,25.12,35.48,0,0.0,1413,3.84,3.84,249,0.16,640,0.43,मह र ष्ट्ट्र / Maharashtra: To control heavy underdrawal (1230MW) at high frequency.
2026-08-03,245187,240352,22529,9.19,48061,19.6,70589,28.79,27832,65605,88396,11.91,27.08,36.49,1295,1.98,3365,5.49,7.47,443,0.2,1151,0.52,गर्ुर त / Gujarat: To control heavy underdrawal (1230MW) at high frequency.
2026-08-04,234237,238035,20107,8.58,59503,25.4,79610,33.99,21456,61340,81136,9.33,26.34,34.84,1046,1.73,3838,7.41,9.14,527,0.41,2087,1.69,गुर्र त / Gujarat: To control heavy underdrawal (1230MW) at high frequency.
2026-08-07,231102,233395,26307,11.38,56364,24.39,82670,35.77,27708,60001,85145,12.57,26.38,37.33,2531,5.7,2785,7.28,12.98,2809,8.82,9409,29.92,गर्ुर त / Gujarat: To control underdrawal
2026-08-09,220235,231276,17741,8.06,51777,23.51,69518,31.57,24057,58655,76298,11.53,26.86,34.94,983,1.41,4076,6.21,7.62,3761,16.78,17702,76.71,गर्ुर त / Gujarat: To control UD In view of the system requirement and grid sec
2026-08-10,242028,241044,21339,8.82,69907,28.88,91245,37.7,27235,69907,91311,11.81,28.94,37.91,0,0.0,0,0.0,0.0,1496,3.56,6121,15.48,No curtailment
2026-08-11,244800,238095,24720,10.1,48575,19.84,73295,29.94,24983,67153,88958,10.63,27.92,37.18,0,0.0,0,0.0,0.0,86,0.02,464,0.13,No curtailment
2026-08-12,247141,241340,22276,9.01,52811,21.37,75087,30.38,22438,61620,81914,9.28,25.48,33.88,0,0.0,0,0.0,0.0,0,0.0,0,0.0,No curtailment
2026-08-14,247099,242011,23307,9.43,67524,27.33,90831,36.76,29846,69524,94314,12.91,28.17,38.75,382,0.15,862,0.71,0.86,1149,1.66,4371,6.33,र र्स्थ न / Rajasthan: Due to overloading of 220 kV Gajner-Bikaner d/c line
2026-08-15,223734,227534,16718,7.47,3420,1.53,20137,9.0,28209,54923,76431,13.35,24.95,34.73,1238,3.48,5583,19.05,22.53,3851,19.05,15291,70.53,"र र्स्थ न / Rajasthan: DUE TO LESS DEMAND,HEAVY UNDER DRWAL AND HIGH FREQUENCY | गर्ुर त / Gujarat: In view of the system requirement and grid security and stab"
2026-08-16,226290,231116,22388,9.89,59431,26.26,81819,36.16,27427,60011,82667,12.62,26.68,36.76,1163,3.26,3755,10.87,14.13,2401,9.08,10128,37.71,र र्स्थ न / Rajasthan: Due to high frequency and heavy underdrawal | गर्ुर त / Gujarat: In view of the system requirement and grid security and stab
2026-08-17,243500,239984,26202,10.76,58114,23.87,84317,34.63,31379,66383,92497,13.44,27.59,38.45,884,1.57,2344,5.04,6.61,1849,4.2,6615,15.22,गर्ुर त / Gujarat: To control under drawl
2026-08-18,242819,244808,25457,10.48,58360,24.03,83816,34.52,29905,68274,94070,12.89,28.18,38.84,2457,3.49,3549,5.76,9.25,2298,4.62,3516,7.04,गर्ुर त / Gujarat: To control under drawl
2026-08-19,247044,244044,26818,10.86,48760,19.74,75579,30.59,28099,70850,93451,11.99,29.07,38.35,1521,1.9,2736,3.59,5.49,969,1.58,4378,7.2,गर्ुर त / Gujarat: To control under drawl
2026-08-20,253154,246002,27708,10.95,57252,22.62,84960,33.56,29628,73941,96578,12.23,30.19,39.44,0,0.0,0,0.0,0.0,574,0.5,958,0.86,No curtailment
2026-08-22,256313,242676,29347,11.45,54884,21.41,84231,32.86,29932,72162,100154,12.33,28.74,39.93,0,0.0,0,0.0,0.0,0,0.0,0,0.0,No curtailment
2026-08-23,0,0,0,0.0,0,0.0,0,0.0,27666,60893,85806,11.87,25.38,35.7,0,0.0,0,0.0,0.0,0,0.0,0,0.0,No curtailment
2026-08-24,250145,239522,17349,6.94,56850,22.73,74199,29.66,21377,65436,81216,9.08,26.83,33.09,0,0.0,0,0.0,0.0,0,0.0,0,0.0,No curtailment
2026-08-25,247536,241655,23096,9.33,56796,22.94,79891,32.27,24005,71037,90351,10.19,29.45,37.49,0,0.0,0,0.0,0.0,0,0.0,0,0.0,No curtailment
2026-08-26,249484,243780,26718,10.71,67086,26.89,93804,37.6,27870,75745,99932,11.85,30.86,40.72,0,0.0,0,0.0,0.0,365,0.25,1411,0.98,No curtailment
2026-08-27,249779,244004,28962,11.6,60416,24.19,89379,35.78,30334,75906,105235,12.85,30.7,42.56,0,0.0,120,0.17,0.17,999,1.52,3012,4.62,र र्स्थ न / Rajasthan: Due to overloading at Bhadla ICT
2026-08-28,241246,233160,27624,11.45,66305,27.48,93929,38.93,30641,71072,99899,13.86,29.72,41.7,2784,4.44,3707,6.53,10.97,2248,8.27,7613,27.17,गर्ुर त / Gujarat: In view of under drawl and to maintain grid reliability
2026-08-29,249165,242552,31433,12.62,70275,28.2,101708,40.82,33804,72236,103813,14.1,29.13,42.13,0,0.0,0,0.0,0.0,1880,3.45,5365,9.82,No curtailment
2026-08-31,251968,242470,27050,10.74,63071,25.03,90121,35.77,29614,72985,101186,12.37,29.67,41.22,0,0.0,0,0.0,0.0,225,0.09,683,0.27,No curtailment
2026-09-01,256061,237769,23468,9.16,61230,23.91,84698,33.08,24202,74990,97907,10.71,30.17,39.79,754,3.02,1952,7.82,10.84,0,0.0,0,0.0,गुर्र त / Gujarat: To control heavy under drawl and to maintain grid reliabilit
2026-09-02,255730,238301,16374,6.4,73109,28.59,89483,34.99,23166,77465,95669,9.76,30.95,38.72,0,0.0,0,0.0,0.0,0,0.0,0,0.0,No curtailment
2026-09-03,253764,233304,22261,8.77,55807,21.99,78068,30.76,22634,77014,94528,9.09,30.82,38.44,669,0.35,1538,0.81,1.16,0,0.0,0,0.0,गर्ुर त / Gujarat: To control Under Drawl
2026-09-04,255009,228934,13013,5.1,68214,26.75,81226,31.85,23651,77131,92730,10.22,30.36,37.24,2352,1.8,2025,2.72,4.52,0,0.0,0,0.0,गर्ुर त / Gujarat: To control Under Drawl
2026-09-05,249029,228422,13054,5.24,75730,30.41,88784,35.65,21008,77562,91438,8.95,31.2,37.81,0,0.0,0,0.0,0.0,0,0.0,0,0.0,No curtailment
2026-09-06,235492,223774,14222,6.04,80140,34.03,94363,40.07,20732,80161,94365,9.49,34.09,40.34,0,0.0,0,0.0,0.0,263,0.2,1701,1.57,No curtailment
2026-09-08,261628,243061,22372,8.55,64042,24.48,86414,33.03,24460,81889,101640,10.2,32.4,40.33,0,0.0,0,0.0,0.0,0,0.0,0,0.0,No curtailment
2026-09-09,267925,241001,16128,6.02,64170,23.95,80299,29.97,18167,85012,97639,8.02,33.14,38.41,425,0.71,1759,2.95,3.66,0,0.0,0,0.0,गर्ुर त / Gujarat: In view of grid security and reliability and to control unde
2026-09-10,269063,238051,11707,4.35,73632,27.37,85339,31.72,15594,85939,95022,6.98,32.68,36.52,0,0.0,0,0.0,0.0,0,0.0,0,0.0,No curtailment
2026-09-11,263522,233607,5761,2.19,79783,30.28,85544,32.46,14123,83637,89657,6.23,32.15,34.68,0,0.0,0,0.0,0.0,0,0.0,0,0.0,No curtailment
2026-09-12,261487,238978,5812,2.22,71135,27.2,76947,29.43,17922,77055,82610,7.66,29.77,31.9,0,0.0,0,0.0,0.0,0,0.0,0,0.0,No curtailment
